"geo","name","time","Population"
"","Level 1","1800","960394684"
"","Level 1","1801","963569642"
"","Level 1","1802","966781862"
"","Level 1","1803","970031615"
"","Level 1","1804","954089613"
"","Level 1","1805","976644914"
"","Level 1","1806","960663691"
"","Level 1","1807","963842611"
"","Level 1","1808","967226531"
"","Level 1","1809","970649933"
"","Level 1","1810","994882586"
"","Level 1","1811","999634097"
"","Level 1","1812","1004865549"
"","Level 1","1813","1010582173"
"","Level 1","1814","996598308"
"","Level 1","1815","1019090065"
"","Level 1","1816","1025137387"
"","Level 1","1817","1031303487"
"","Level 1","1818","1016395641"
"","Level 1","1819","1022614889"
"","Level 1","1820","1028832855"
"","Level 1","1821","1034811629"
"","Level 1","1822","1040759753"
"","Level 1","1823","1047145936"
"","Level 1","1824","1053676756"
"","Level 1","1825","1060298595"
"","Level 1","1826","1067057157"
"","Level 1","1827","1073906108"
"","Level 1","1828","1080846595"
"","Level 1","1829","1087340757"
"","Level 1","1830","1093385148"
"","Level 1","1831","1097742198"
"","Level 1","1832","1102276715"
"","Level 1","1833","1077900199"
"","Level 1","1834","1082205257"
"","Level 1","1835","1086553733"
"","Level 1","1836","1090946357"
"","Level 1","1837","1094992981"
"","Level 1","1838","1097140299"
"","Level 1","1839","1104308658"
"","Level 1","1840","1073399110"
"","Level 1","1841","1078042721"
"","Level 1","1842","1082233905"
"","Level 1","1843","1085928977"
"","Level 1","1844","1090134837"
"","Level 1","1845","1094400124"
"","Level 1","1846","1096589426"
"","Level 1","1847","1124888132"
"","Level 1","1848","1105257562"
"","Level 1","1849","1108809247"
"","Level 1","1850","1111553106"
"","Level 1","1851","1112782601"
"","Level 1","1852","1138053323"
"","Level 1","1853","1137913927"
"","Level 1","1854","1137851130"
"","Level 1","1855","1137755964"
"","Level 1","1856","1137842609"
"","Level 1","1857","1132028964"
"","Level 1","1858","1106619198"
"","Level 1","1859","1132965830"
"","Level 1","1860","1137096271"
"","Level 1","1861","1137243220"
"","Level 1","1862","1112561672"
"","Level 1","1863","1115339459"
"","Level 1","1864","1119813505"
"","Level 1","1865","1121811111"
"","Level 1","1866","1148347974"
"","Level 1","1867","1123378714"
"","Level 1","1868","1125511977"
"","Level 1","1869","1127038178"
"","Level 1","1870","1124873569"
"","Level 1","1871","1124137997"
"","Level 1","1872","1156106874"
"","Level 1","1873","1142803941"
"","Level 1","1874","1135860242"
"","Level 1","1875","1140801470"
"","Level 1","1876","1145781494"
"","Level 1","1877","1134109540"
"","Level 1","1878","1139057255"
"","Level 1","1879","1164100136"
"","Level 1","1880","1148241659"
"","Level 1","1881","1148388605"
"","Level 1","1882","1133692700"
"","Level 1","1883","1136177288"
"","Level 1","1884","1143779197"
"","Level 1","1885","1146379686"
"","Level 1","1886","1153686972"
"","Level 1","1887","1182856095"
"","Level 1","1888","1172853042"
"","Level 1","1889","1175349200"
"","Level 1","1890","1178458578"
"","Level 1","1891","1192141193"
"","Level 1","1892","1198426613"
"","Level 1","1893","1191252711"
"","Level 1","1894","1193027667"
"","Level 1","1895","1204148000"
"","Level 1","1896","1223874622"
"","Level 1","1897","1216967643"
"","Level 1","1898","1173544224"
"","Level 1","1899","1221861798"
"","Level 1","1900","1235211772"
"","Level 1","1901","1242426602"
"","Level 1","1902","1245969553"
"","Level 1","1903","1255287482"
"","Level 1","1904","1264429922"
"","Level 1","1905","1267895982"
"","Level 1","1906","1230993561"
"","Level 1","1907","1240713156"
"","Level 1","1908","1246181584"
"","Level 1","1909","1253884845"
"","Level 1","1910","1262114627"
"","Level 1","1911","1270883509"
"","Level 1","1912","1279712634"
"","Level 1","1913","1294322075"
"","Level 1","1914","1296949110"
"","Level 1","1915","1305328303"
"","Level 1","1916","1314823142"
"","Level 1","1917","1323867351"
"","Level 1","1918","1329822701"
"","Level 1","1919","1345111130"
"","Level 1","1920","1341733262"
"","Level 1","1921","1354914401"
"","Level 1","1922","1364385368"
"","Level 1","1923","1373937848"
"","Level 1","1924","1385874803"
"","Level 1","1925","1397924028"
"","Level 1","1926","1402965182"
"","Level 1","1927","1399716897"
"","Level 1","1928","1417604845"
"","Level 1","1929","1419592747"
"","Level 1","1930","1438902538"
"","Level 1","1931","1437290151"
"","Level 1","1932","1468492084"
"","Level 1","1933","1479515687"
"","Level 1","1934","1401496282"
"","Level 1","1935","1405812669"
"","Level 1","1936","1414233496"
"","Level 1","1937","1408698846"
"","Level 1","1938","1425189875"
"","Level 1","1939","1434939020"
"","Level 1","1940","1447183505"
"","Level 1","1941","1443276519"
"","Level 1","1942","1470253767"
"","Level 1","1943","1518203643"
"","Level 1","1944","1526666662"
"","Level 1","1945","1588946668"
"","Level 1","1946","1598364706"
"","Level 1","1947","1526424700"
"","Level 1","1948","1512537807"
"","Level 1","1949","1524992016"
"","Level 1","1950","1538196094"
"","Level 1","1951","1541864445"
"","Level 1","1952","1548856628"
"","Level 1","1953","1604894917"
"","Level 1","1954","1610573696"
"","Level 1","1955","1647774240"
"","Level 1","1956","1668653242"
"","Level 1","1957","1660270199"
"","Level 1","1958","1699173481"
"","Level 1","1959","1707130600"
"","Level 1","1960","1689767523"
"","Level 1","1961","1668515958"
"","Level 1","1962","1713225043"
"","Level 1","1963","1734596025"
"","Level 1","1964","1771870285"
"","Level 1","1965","1822194691"
"","Level 1","1966","1837325384"
"","Level 1","1967","1880117281"
"","Level 1","1968","1922105752"
"","Level 1","1969","1936449021"
"","Level 1","1970","1944478986"
"","Level 1","1971","1984153367"
"","Level 1","1972","2042283996"
"","Level 1","1973","2032365894"
"","Level 1","1974","2075855372"
"","Level 1","1975","2142089151"
"","Level 1","1976","2192890815"
"","Level 1","1977","2206491840"
"","Level 1","1978","2252179150"
"","Level 1","1979","2295211900"
"","Level 1","1980","2332358565"
"","Level 1","1981","2448336994"
"","Level 1","1982","2503679984"
"","Level 1","1983","2563285225"
"","Level 1","1984","2616487782"
"","Level 1","1985","2667704356"
"","Level 1","1986","2724662425"
"","Level 1","1987","2781644681"
"","Level 1","1988","2843503856"
"","Level 1","1989","2907849392"
"","Level 1","1990","2969763542"
"","Level 1","1991","3052128576"
"","Level 1","1992","3108417615"
"","Level 1","1993","3178713665"
"","Level 1","1994","3238449038"
"","Level 1","1995","3228362095"
"","Level 1","1996","3272459937"
"","Level 1","1997","3327716924"
"","Level 1","1998","3358781923"
"","Level 1","1999","3416705593"
"","Level 1","2000","3489232833"
"","Level 1","2001","2260329229"
"","Level 1","2002","1920556907"
"","Level 1","2003","1794667589"
"","Level 1","2004","1819989959"
"","Level 1","2005","1855499382"
"","Level 1","2006","1865871571"
"","Level 1","2007","1853837502"
"","Level 1","2008","1889189102"
"","Level 1","2009","673167808"
"","Level 1","2010","637412699"
"","Level 1","2011","450847003"
"","Level 1","2012","363255343"
"","Level 1","2013","352122933"
"","Level 1","2014","362252119"
"","Level 1","2015","375929665"
"","Level 1","2016","385500946"
"","Level 1","2017","377597802"
"","Level 1","2018","388417032"
"","Level 1","2019","391300973"
"","Level 1","2020","679325079"
"","Level 1","2021","485818678"
"","Level 1","2022","548354094"
"","Level 1","2023","510188198"
"","Level 1","2024","500564034"
"","Level 1","2025","514280089"
"","Level 1","2026","528416321"
"","Level 1","2027","512718793"
"","Level 1","2028","513425862"
"","Level 1","2029","526422972"
"","Level 1","2030","576311117"
"","Level 1","2031","552752077"
"","Level 1","2032","539671460"
"","Level 1","2033","552297046"
"","Level 1","2034","530202585"
"","Level 1","2035","486092727"
"","Level 1","2036","497370887"
"","Level 1","2037","508671994"
"","Level 1","2038","457819751"
"","Level 1","2039","468009714"
"","Level 1","2040","233932236"
"","Level 1","2041","238558158"
"","Level 1","2042","243199635"
"","Level 1","2043","247847151"
"","Level 1","2044","252491285"
"","Level 1","2045","257125200"
"","Level 1","2046","261723736"
"","Level 1","2047","206201594"
"","Level 1","2048","209645239"
"","Level 1","2049","213079115"
"","Level 1","2050","214614008"
"","Level 1","2051","207169813"
"","Level 1","2052","210346325"
"","Level 1","2053","213506900"
"","Level 1","2054","141044600"
"","Level 1","2055","143014931"
"","Level 1","2056","104025264"
"","Level 1","2057","78687253"
"","Level 1","2058","79683797"
"","Level 1","2059","80676705"
"","Level 1","2060","81660505"
"","Level 1","2061","82628139"
"","Level 1","2062","83590082"
"","Level 1","2063","84545105"
"","Level 1","2064","21010107"
"","Level 1","2065","21185711"
"","Level 1","2066","21356305"
"","Level 1","2067","21521042"
"","Level 2","1800","23797300"
"","Level 2","1801","24051973"
"","Level 2","1802","24310169"
"","Level 2","1803","24571938"
"","Level 2","1804","44066920"
"","Level 2","1805","25106423"
"","Level 2","1806","44724669"
"","Level 2","1807","45225424"
"","Level 2","1808","45564275"
"","Level 2","1809","45907226"
"","Level 2","1810","27107266"
"","Level 2","1811","27846665"
"","Level 2","1812","28758880"
"","Level 2","1813","29854809"
"","Level 2","1814","50822277"
"","Level 2","1815","35489334"
"","Level 2","1816","36780419"
"","Level 2","1817","38136876"
"","Level 2","1818","60756204"
"","Level 2","1819","62136271"
"","Level 2","1820","63392286"
"","Level 2","1821","64513191"
"","Level 2","1822","65487240"
"","Level 2","1823","66362024"
"","Level 2","1824","67192538"
"","Level 2","1825","68037448"
"","Level 2","1826","68897071"
"","Level 2","1827","69771735"
"","Level 2","1828","70661780"
"","Level 2","1829","71550536"
"","Level 2","1830","72437914"
"","Level 2","1831","74517349"
"","Level 2","1832","75932359"
"","Level 2","1833","105767527"
"","Level 2","1834","106982294"
"","Level 2","1835","108215928"
"","Level 2","1836","109468823"
"","Level 2","1837","111132287"
"","Level 2","1838","114760819"
"","Level 2","1839","113296595"
"","Level 2","1840","149840523"
"","Level 2","1841","150771127"
"","Level 2","1842","152092159"
"","Level 2","1843","153849522"
"","Level 2","1844","155177293"
"","Level 2","1845","156528468"
"","Level 2","1846","160040152"
"","Level 2","1847","137528653"
"","Level 2","1848","163034458"
"","Level 2","1849","164577652"
"","Level 2","1850","166153760"
"","Level 2","1851","167843367"
"","Level 2","1852","144722611"
"","Level 2","1853","146250910"
"","Level 2","1854","147814251"
"","Level 2","1855","149522996"
"","Level 2","1856","151164420"
"","Level 2","1857","158822172"
"","Level 2","1858","186193715"
"","Level 2","1859","162184364"
"","Level 2","1860","160759867"
"","Level 2","1861","163683863"
"","Level 2","1862","191798760"
"","Level 2","1863","158560609"
"","Level 2","1864","157136704"
"","Level 2","1865","194143828"
"","Level 2","1866","171626655"
"","Level 2","1867","163068903"
"","Level 2","1868","164224239"
"","Level 2","1869","166555852"
"","Level 2","1870","171400682"
"","Level 2","1871","177044416"
"","Level 2","1872","150634422"
"","Level 2","1873","170061340"
"","Level 2","1874","183178656"
"","Level 2","1875","184488146"
"","Level 2","1876","185815650"
"","Level 2","1877","203822521"
"","Level 2","1878","204789271"
"","Level 2","1879","187081918"
"","Level 2","1880","210342136"
"","Level 2","1881","218144691"
"","Level 2","1882","241340732"
"","Level 2","1883","245028783"
"","Level 2","1884","246555983"
"","Level 2","1885","253237958"
"","Level 2","1886","255286758"
"","Level 2","1887","235593887"
"","Level 2","1888","255166367"
"","Level 2","1889","262042037"
"","Level 2","1890","268124286"
"","Level 2","1891","263416005"
"","Level 2","1892","265894842"
"","Level 2","1893","281629086"
"","Level 2","1894","288528067"
"","Level 2","1895","286208102"
"","Level 2","1896","275345105"
"","Level 2","1897","291235651"
"","Level 2","1898","303357551"
"","Level 2","1899","264366183"
"","Level 2","1900","260122102"
"","Level 2","1901","264220554"
"","Level 2","1902","270945254"
"","Level 2","1903","273329282"
"","Level 2","1904","276030462"
"","Level 2","1905","278412983"
"","Level 2","1906","327285740"
"","Level 2","1907","259425322"
"","Level 2","1908","265257509"
"","Level 2","1909","268612422"
"","Level 2","1910","257849385"
"","Level 2","1911","259463496"
"","Level 2","1912","260891055"
"","Level 2","1913","256334470"
"","Level 2","1914","341046732"
"","Level 2","1915","342800291"
"","Level 2","1916","335986330"
"","Level 2","1917","351251011"
"","Level 2","1918","356334203"
"","Level 2","1919","346143915"
"","Level 2","1920","408820602"
"","Level 2","1921","410121475"
"","Level 2","1922","296572776"
"","Level 2","1923","364480236"
"","Level 2","1924","264620827"
"","Level 2","1925","260228054"
"","Level 2","1926","269894393"
"","Level 2","1927","288066908"
"","Level 2","1928","285356197"
"","Level 2","1929","287968004"
"","Level 2","1930","295323370"
"","Level 2","1931","316549754"
"","Level 2","1932","310833366"
"","Level 2","1933","330042297"
"","Level 2","1934","416848333"
"","Level 2","1935","426416808"
"","Level 2","1936","437982271"
"","Level 2","1937","464328241"
"","Level 2","1938","462281115"
"","Level 2","1939","473347238"
"","Level 2","1940","476306726"
"","Level 2","1941","538264965"
"","Level 2","1942","536062652"
"","Level 2","1943","503435816"
"","Level 2","1944","496032229"
"","Level 2","1945","455498473"
"","Level 2","1946","519233803"
"","Level 2","1947","565669958"
"","Level 2","1948","590549903"
"","Level 2","1949","523694176"
"","Level 2","1950","537782818"
"","Level 2","1951","558362982"
"","Level 2","1952","593513282"
"","Level 2","1953","582178121"
"","Level 2","1954","617631922"
"","Level 2","1955","575525607"
"","Level 2","1956","603568420"
"","Level 2","1957","662556849"
"","Level 2","1958","671931775"
"","Level 2","1959","712688928"
"","Level 2","1960","741699494"
"","Level 2","1961","695349860"
"","Level 2","1962","696944253"
"","Level 2","1963","691188911"
"","Level 2","1964","712219842"
"","Level 2","1965","557885915"
"","Level 2","1966","564891275"
"","Level 2","1967","572287136"
"","Level 2","1968","571463061"
"","Level 2","1969","616121180"
"","Level 2","1970","681254799"
"","Level 2","1971","690061424"
"","Level 2","1972","699288811"
"","Level 2","1973","752067319"
"","Level 2","1974","747229636"
"","Level 2","1975","748552034"
"","Level 2","1976","759882422"
"","Level 2","1977","798856686"
"","Level 2","1978","803592052"
"","Level 2","1979","819781225"
"","Level 2","1980","790049547"
"","Level 2","1981","740028160"
"","Level 2","1982","768753234"
"","Level 2","1983","786018131"
"","Level 2","1984","763411406"
"","Level 2","1985","788900562"
"","Level 2","1986","665558560"
"","Level 2","1987","640049188"
"","Level 2","1988","655837805"
"","Level 2","1989","688285040"
"","Level 2","1990","858342703"
"","Level 2","1991","870141010"
"","Level 2","1992","887162238"
"","Level 2","1993","966892587"
"","Level 2","1994","719058267"
"","Level 2","1995","827936576"
"","Level 2","1996","977140514"
"","Level 2","1997","946932764"
"","Level 2","1998","889900332"
"","Level 2","1999","1047436018"
"","Level 2","2000","843221852"
"","Level 2","2001","2145273715"
"","Level 2","2002","2542890571"
"","Level 2","2003","2687980881"
"","Level 2","2004","2699021035"
"","Level 2","2005","2640942933"
"","Level 2","2006","2598713324"
"","Level 2","2007","2623609064"
"","Level 2","2008","2654944331"
"","Level 2","2009","3937932853"
"","Level 2","2010","4026357911"
"","Level 2","2011","4159088602"
"","Level 2","2012","4331901894"
"","Level 2","2013","3044554322"
"","Level 2","2014","3077354433"
"","Level 2","2015","3081982508"
"","Level 2","2016","3147158560"
"","Level 2","2017","3213251203"
"","Level 2","2018","3257120774"
"","Level 2","2019","3353461224"
"","Level 2","2020","3140908271"
"","Level 2","2021","3381152623"
"","Level 2","2022","3369239778"
"","Level 2","2023","3466941497"
"","Level 2","2024","3523652181"
"","Level 2","2025","3608892127"
"","Level 2","2026","3467295999"
"","Level 2","2027","3542173569"
"","Level 2","2028","3308174072"
"","Level 2","2029","3310865439"
"","Level 2","2030","3321861836"
"","Level 2","2031","3399657657"
"","Level 2","2032","3308337776"
"","Level 2","2033","3350758912"
"","Level 2","2034","3427639615"
"","Level 2","2035","3525294017"
"","Level 2","2036","3568210331"
"","Level 2","2037","3581674889"
"","Level 2","2038","3644809139"
"","Level 2","2039","3641784133"
"","Level 2","2040","2302470552"
"","Level 2","2041","2282153850"
"","Level 2","2042","2319885651"
"","Level 2","2043","2149562498"
"","Level 2","2044","2140186289"
"","Level 2","2045","1968919486"
"","Level 2","2046","2000664111"
"","Level 2","2047","2043598723"
"","Level 2","2048","2075675856"
"","Level 2","2049","2082377978"
"","Level 2","2050","1743701440"
"","Level 2","2051","1781344119"
"","Level 2","2052","1808308629"
"","Level 2","2053","1794585641"
"","Level 2","2054","1865164561"
"","Level 2","2055","1887943149"
"","Level 2","2056","1955645112"
"","Level 2","2057","1969405947"
"","Level 2","2058","1943567617"
"","Level 2","2059","1944484898"
"","Level 2","2060","1788015419"
"","Level 2","2061","1752644073"
"","Level 2","2062","1728863564"
"","Level 2","2063","1750609865"
"","Level 2","2064","1566777450"
"","Level 2","2065","1580423811"
"","Level 2","2066","1598420322"
"","Level 2","2067","1616095383"
"","Level 2","2068","1655209454"
"","Level 2","2069","1238801414"
"","Level 2","2070","1237748283"
"","Level 2","2071","1233219527"
"","Level 2","2072","1246696030"
"","Level 2","2073","1260036770"
"","Level 2","2074","1273158866"
"","Level 2","2075","1285965455"
"","Level 2","2076","1244655462"
"","Level 2","2077","1239153073"
"","Level 2","2078","1234427228"
"","Level 2","2079","1245800779"
"","Level 2","2080","1256990398"
"","Level 2","2081","1223856436"
"","Level 2","2082","1152752778"
"","Level 2","2083","1162466166"
"","Level 2","2084","984376197"
"","Level 2","2085","970890046"
"","Level 2","2086","978761099"
"","Level 2","2087","865565757"
"","Level 2","2088","872238344"
"","Level 2","2089","878768492"
"","Level 2","2090","885140300"
"","Level 2","2091","891324380"
"","Level 2","2092","427343497"
"","Level 2","2093","427328489"
"","Level 2","2094","429257012"
"","Level 2","2095","328888717"
"","Level 2","2096","330205754"
"","Level 2","2097","331472866"
"","Level 2","2098","332701905"
"","Level 2","2099","224153230"
"","Level 2","2100","224976288"
"","Level 3","1863","34244218"
"","Level 3","1864","35061095"
"","Level 3","1867","37630506"
"","Level 3","1868","38528157"
"","Level 3","1869","39440674"
"","Level 3","1870","42128047"
"","Level 3","1871","43113871"
"","Level 3","1872","44113411"
"","Level 3","1873","45126758"
"","Level 3","1874","46163386"
"","Level 3","1875","47223832"
"","Level 3","1876","48308643"
"","Level 3","1877","49418378"
"","Level 3","1878","51017665"
"","Level 3","1879","51721436"
"","Level 3","1880","52922820"
"","Level 3","1881","54158747"
"","Level 3","1882","55430238"
"","Level 3","1883","59607544"
"","Level 3","1884","60957867"
"","Level 3","1885","62340176"
"","Level 3","1886","63755241"
"","Level 3","1887","65203858"
"","Level 3","1888","66686836"
"","Level 3","1889","68148681"
"","Level 3","1890","69587629"
"","Level 3","1891","71001848"
"","Level 3","1892","72389432"
"","Level 3","1893","73748405"
"","Level 3","1894","75133068"
"","Level 3","1895","76543912"
"","Level 3","1896","77981431"
"","Level 3","1897","79446133"
"","Level 3","1898","121322493"
"","Level 3","1899","123225336"
"","Level 3","1900","125973235"
"","Level 3","1901","127140051"
"","Level 3","1902","130002260"
"","Level 3","1903","132076603"
"","Level 3","1904","134187498"
"","Level 3","1905","142476462"
"","Level 3","1906","144831689"
"","Level 3","1907","217510086"
"","Level 3","1908","220959964"
"","Level 3","1909","224068557"
"","Level 3","1910","240181867"
"","Level 3","1911","242709801"
"","Level 3","1912","244863771"
"","Level 3","1913","246636902"
"","Level 3","1914","171317621"
"","Level 3","1915","173345683"
"","Level 3","1916","182905029"
"","Level 3","1917","170930295"
"","Level 3","1918","172937773"
"","Level 3","1919","181667547"
"","Level 3","1920","137090812"
"","Level 3","1921","137946434"
"","Level 3","1922","258104290"
"","Level 3","1923","197384482"
"","Level 3","1924","302316915"
"","Level 3","1925","311942987"
"","Level 3","1926","314771621"
"","Level 3","1927","317637876"
"","Level 3","1928","320542276"
"","Level 3","1929","334697146"
"","Level 3","1930","327500033"
"","Level 3","1931","328079210"
"","Level 3","1932","323486884"
"","Level 3","1933","314808276"
"","Level 3","1934","327842783"
"","Level 3","1935","336052418"
"","Level 3","1936","338532456"
"","Level 3","1937","340530833"
"","Level 3","1938","349256658"
"","Level 3","1939","350814912"
"","Level 3","1940","356793436"
"","Level 3","1941","182765231"
"","Level 3","1942","175367278"
"","Level 3","1943","176070665"
"","Level 3","1944","191084108"
"","Level 3","1945","185232664"
"","Level 3","1946","127821515"
"","Level 3","1947","165854280"
"","Level 3","1948","173466196"
"","Level 3","1949","251697444"
"","Level 3","1950","253448224"
"","Level 3","1951","270626079"
"","Level 3","1952","273196087"
"","Level 3","1953","276004391"
"","Level 3","1954","284057057"
"","Level 3","1955","340581925"
"","Level 3","1956","344095814"
"","Level 3","1957","347660064"
"","Level 3","1958","355134012"
"","Level 3","1959","357984377"
"","Level 3","1960","392537224"
"","Level 3","1961","506062855"
"","Level 3","1962","514713824"
"","Level 3","1963","565140883"
"","Level 3","1964","559220222"
"","Level 3","1965","634223133"
"","Level 3","1966","676935721"
"","Level 3","1967","692419527"
"","Level 3","1968","719507448"
"","Level 3","1969","710706893"
"","Level 3","1970","705179951"
"","Level 3","1971","676275738"
"","Level 3","1972","677643050"
"","Level 3","1973","693974451"
"","Level 3","1974","719090993"
"","Level 3","1975","722635541"
"","Level 3","1976","730931023"
"","Level 3","1977","751760566"
"","Level 3","1978","762992831"
"","Level 3","1979","595057752"
"","Level 3","1980","660295738"
"","Level 3","1981","667175728"
"","Level 3","1982","603376053"
"","Level 3","1983","664061323"
"","Level 3","1984","652166932"
"","Level 3","1985","657587679"
"","Level 3","1986","808178607"
"","Level 3","1987","857727809"
"","Level 3","1988","846587297"
"","Level 3","1989","825142072"
"","Level 3","1990","693805115"
"","Level 3","1991","640666339"
"","Level 3","1992","645745861"
"","Level 3","1993","570669096"
"","Level 3","1994","836198235"
"","Level 3","1995","814669795"
"","Level 3","1996","698834170"
"","Level 3","1997","750692213"
"","Level 3","1998","843562978"
"","Level 3","1999","708720236"
"","Level 3","2000","861959306"
"","Level 3","2001","864832535"
"","Level 3","2002","888642611"
"","Level 3","2003","940196290"
"","Level 3","2004","966814083"
"","Level 3","2005","1053718231"
"","Level 3","2006","1160506801"
"","Level 3","2007","1224416950"
"","Level 3","2008","1235400946"
"","Level 3","2009","1243187197"
"","Level 3","2010","1275799872"
"","Level 3","2011","1417244883"
"","Level 3","2012","1419010389"
"","Level 3","2013","2801343316"
"","Level 3","2014","2664094061"
"","Level 3","2015","2726322935"
"","Level 3","2016","2724142477"
"","Level 3","2017","2891163325"
"","Level 3","2018","2760898527"
"","Level 3","2019","2817836002"
"","Level 3","2020","2823726374"
"","Level 3","2021","2819056354"
"","Level 3","2022","2809493779"
"","Level 3","2023","2807616788"
"","Level 3","2024","2738907597"
"","Level 3","2025","2706354195"
"","Level 3","2026","2894703939"
"","Level 3","2027","2900637801"
"","Level 3","2028","3198517044"
"","Level 3","2029","3240308561"
"","Level 3","2030","3249333229"
"","Level 3","2031","3249919386"
"","Level 3","2032","3416383501"
"","Level 3","2033","3414511067"
"","Level 3","2034","3420181860"
"","Level 3","2035","3425678943"
"","Level 3","2036","3323428427"
"","Level 3","2037","3308747009"
"","Level 3","2038","3353009442"
"","Level 3","2039","3182384151"
"","Level 3","2040","4784438807"
"","Level 3","2041","4838059240"
"","Level 3","2042","4848019529"
"","Level 3","2043","3537097541"
"","Level 3","2044","3596632893"
"","Level 3","2045","3819902928"
"","Level 3","2046","3840240428"
"","Level 3","2047","3908628442"
"","Level 3","2048","3927996701"
"","Level 3","2049","3971787120"
"","Level 3","2050","4362001563"
"","Level 3","2051","4259939496"
"","Level 3","2052","4218977637"
"","Level 3","2053","4258429232"
"","Level 3","2054","4309770058"
"","Level 3","2055","4315785975"
"","Level 3","2056","4162737792"
"","Level 3","2057","4220936539"
"","Level 3","2058","4284861140"
"","Level 3","2059","4284007562"
"","Level 3","2060","4483374291"
"","Level 3","2061","4560770750"
"","Level 3","2062","4583430347"
"","Level 3","2063","4592060282"
"","Level 3","2064","4842763806"
"","Level 3","2065","4867930076"
"","Level 3","2066","4853380315"
"","Level 3","2067","4859224769"
"","Level 3","2068","4790677754"
"","Level 3","2069","5240733585"
"","Level 3","2070","5054840531"
"","Level 3","2071","5080835835"
"","Level 3","2072","5074245619"
"","Level 3","2073","5060639356"
"","Level 3","2074","5041047388"
"","Level 3","2075","5052088726"
"","Level 3","2076","5092750584"
"","Level 3","2077","5057495131"
"","Level 3","2078","5085205384"
"","Level 3","2079","5097791383"
"","Level 3","2080","4771680498"
"","Level 3","2081","4773437742"
"","Level 3","2082","4851078755"
"","Level 3","2083","4861696010"
"","Level 3","2084","4904003055"
"","Level 3","2085","4935456746"
"","Level 3","2086","4941436498"
"","Level 3","2087","4989488967"
"","Level 3","2088","4455429882"
"","Level 3","2089","4460002108"
"","Level 3","2090","2882769908"
"","Level 3","2091","2827093187"
"","Level 3","2092","3050680825"
"","Level 3","2093","3065297282"
"","Level 3","2094","3078751972"
"","Level 3","2095","3193705218"
"","Level 3","2096","2641831392"
"","Level 3","2097","2652825136"
"","Level 3","2098","2657848767"
"","Level 3","2099","2777369527"
"","Level 3","2100","2737674721"
"","Level 4","1941","136091324"
"","Level 4","1942","137800062"
"","Level 4","1943","139759335"
"","Level 4","1944","141701830"
"","Level 4","1945","143671325"
"","Level 4","1946","145668195"
"","Level 4","1947","152232121"
"","Level 4","1948","154332816"
"","Level 4","1949","156568743"
"","Level 4","1950","158895321"
"","Level 4","1951","161229408"
"","Level 4","1952","163605834"
"","Level 4","1953","166043967"
"","Level 4","1954","168575057"
"","Level 4","1955","171202136"
"","Level 4","1956","173890580"
"","Level 4","1957","176856430"
"","Level 4","1958","179661954"
"","Level 4","1959","182721745"
"","Level 4","1960","185949405"
"","Level 4","1961","189309233"
"","Level 4","1962","192738679"
"","Level 4","1963","196009380"
"","Level 4","1964","215086150"
"","Level 4","1965","313972295"
"","Level 4","1966","317931163"
"","Level 4","1967","322073172"
"","Level 4","1968","325276193"
"","Level 4","1969","349233155"
"","Level 4","1970","355811868"
"","Level 4","1971","411158825"
"","Level 4","1972","417257642"
"","Level 4","1973","433735516"
"","Level 4","1974","445359934"
"","Level 4","1975","449429397"
"","Level 4","1976","452294566"
"","Level 4","1977","452250816"
"","Level 4","1978","464566212"
"","Level 4","1979","649450693"
"","Level 4","1980","655593974"
"","Level 4","1981","663684108"
"","Level 4","1982","727086384"
"","Level 4","1983","674282751"
"","Level 4","1984","740210768"
"","Level 4","1985","744631398"
"","Level 4","1986","750781520"
"","Level 4","1987","759705133"
"","Level 4","1988","786870177"
"","Level 4","1989","803822181"
"","Level 4","1990","794520167"
"","Level 4","1991","844174603"
"","Level 4","1992","852785626"
"","Level 4","1993","863145137"
"","Level 4","1994","869480984"
"","Level 4","1995","875303766"
"","Level 4","1996","880712366"
"","Level 4","1997","885629304"
"","Level 4","1998","900764518"
"","Level 4","1999","901913980"
"","Level 4","2000","962787253"
"","Level 4","2001","969653635"
"","Level 4","2002","970007674"
"","Level 4","2003","981550020"
"","Level 4","2004","997088536"
"","Level 4","2005","1013672451"
"","Level 4","2006","1022407744"
"","Level 4","2007","1030243616"
"","Level 4","2008","1038786839"
"","Level 4","2009","1060927735"
"","Level 4","2010","1064371219"
"","Level 4","2011","1057794581"
"","Level 4","2012","1060753362"
"","Level 4","2013","1067140880"
"","Level 4","2014","1250899716"
"","Level 4","2015","1259449721"
"","Level 4","2016","935860958"
"","Level 4","2017","794319426"
"","Level 4","2018","951094937"
"","Level 4","2019","873394083"
"","Level 4","2020","875425098"
"","Level 4","2021","884864510"
"","Level 4","2022","908617405"
"","Level 4","2023","918507032"
"","Level 4","2024","1007780161"
"","Level 4","2025","1002485244"
"","Level 4","2026","1007887602"
"","Level 4","2027","1009107509"
"","Level 4","2028","1000922947"
"","Level 4","2029","983386445"
"","Level 4","2030","1002192312"
"","Level 4","2031","1010511714"
"","Level 4","2032","985770548"
"","Level 4","2033","993967944"
"","Level 4","2034","994028514"
"","Level 4","2035","994673377"
"","Level 4","2036","1101478066"
"","Level 4","2037","1038226718"
"","Level 4","2038","1038456759"
"","Level 4","2039","1139190009"
"","Level 4","2040","1091272423"
"","Level 4","2041","1093164682"
"","Level 4","2042","1098671070"
"","Level 4","2043","2620616735"
"","Level 4","2044","2614960399"
"","Level 4","2045","2606546219"
"","Level 4","2046","2596143500"
"","Level 4","2047","2585639419"
"","Level 4","2048","2563157128"
"","Level 4","2049","2499031389"
"","Level 4","2050","2486747601"
"","Level 4","2051","2597718841"
"","Level 4","2052","2580495801"
"","Level 4","2053","2484759615"
"","Level 4","2054","2470640354"
"","Level 4","2055","2473665276"
"","Level 4","2056","2630308913"
"","Level 4","2057","2614513899"
"","Level 4","2058","2604792010"
"","Level 4","2059","2631753153"
"","Level 4","2060","2572778233"
"","Level 4","2061","2555912116"
"","Level 4","2062","2581001541"
"","Level 4","2063","2573406207"
"","Level 4","2064","2592820189"
"","Level 4","2065","2573509542"
"","Level 4","2066","2534990376"
"","Level 4","2067","2522340123"
"","Level 4","2068","2591407327"
"","Level 4","2069","2574806911"
"","Level 4","2070","2777736720"
"","Level 4","2071","2771181727"
"","Level 4","2072","2778103001"
"","Level 4","2073","2791073588"
"","Level 4","2074","2752580045"
"","Level 4","2075","2730336208"
"","Level 4","2076","2740168614"
"","Level 4","2077","2781021661"
"","Level 4","2078","2745176952"
"","Level 4","2079","2726687821"
"","Level 4","2080","3045952161"
"","Level 4","2081","3080475367"
"","Level 4","2082","3076002850"
"","Level 4","2083","3050902290"
"","Level 4","2084","3186787348"
"","Level 4","2085","3168028938"
"","Level 4","2086","3152485181"
"","Level 4","2087","3215027612"
"","Level 4","2088","3721013872"
"","Level 4","2089","3705617370"
"","Level 4","2090","5271456830"
"","Level 4","2091","5315132048"
"","Level 4","2092","5548906531"
"","Level 4","2093","5520936291"
"","Level 4","2094","5490063068"
"","Level 4","2095","5363613860"
"","Level 4","2096","5893300269"
"","Level 4","2097","5871129072"
"","Level 4","2098","5840483251"
"","Level 4","2099","5818326652"
"","Level 4","2100","5845358248"
"","Level 5","1950","48297"
"","Level 5","1951","51190"
"","Level 5","1952","54233"
"","Level 5","1953","57559"
"","Level 5","1954","61209"
"","Level 5","1955","65210"
"","Level 5","1956","69548"
"","Level 5","1957","74164"
"","Level 5","1958","78972"
"","Level 5","1959","83842"
"","Level 5","1960","88347"
"","Level 5","1961","92517"
"","Level 5","1962","96719"
"","Level 5","1963","101159"
"","Level 5","1964","162789"
"","Level 5","1965","174903"
"","Level 5","1966","760656"
"","Level 5","1967","202456"
"","Level 5","1968","417387"
"","Level 5","1969","474131"
"","Level 5","1970","1347138"
"","Level 5","1971","1469370"
"","Level 5","1972","1594061"
"","Level 5","1973","1723263"
"","Level 5","1974","1857451"
"","Level 5","1975","894013"
"","Level 5","1976","988525"
"","Level 5","1977","1104771"
"","Level 5","1978","1225966"
"","Level 5","1979","1351102"
"","Level 5","1980","1477724"
"","Level 5","1981","1585385"
"","Level 5","1982","1676072"
"","Level 5","1983","1440046"
"","Level 5","1984","1517657"
"","Level 5","1985","1596830"
"","Level 5","1986","226495"
"","Level 5","1987","1808104"
"","Level 5","1988","240913"
"","Level 5","1989","248064"
"","Level 5","1990","2153512"
"","Level 5","1991","2269222"
"","Level 5","1992","2384569"
"","Level 5","1993","2499064"
"","Level 5","1994","2612279"
"","Level 5","1995","2725857"
"","Level 5","1996","2895840"
"","Level 5","1997","3673251"
"","Level 5","1998","3933346"
"","Level 5","1999","4224379"
"","Level 5","2000","4491787"
"","Level 5","2001","4762003"
"","Level 5","2002","5482010"
"","Level 5","2003","5763457"
"","Level 5","2004","10214476"
"","Level 5","2005","12848201"
"","Level 5","2006","13620193"
"","Level 5","2007","14818091"
"","Level 5","2008","15706455"
"","Level 5","2009","7082895"
"","Level 5","2010","7293653"
"","Level 5","2011","15426145"
"","Level 5","2012","15730330"
"","Level 5","2013","16052785"
"","Level 5","2014","16422786"
"","Level 5","2015","16236605"
"","Level 5","2016","355346009"
"","Level 5","2017","358799897"
"","Level 5","2018","361923323"
"","Level 5","2019","364833085"
"","Level 5","2020","357130863"
"","Level 5","2021","373067149"
"","Level 5","2022","375220768"
"","Level 5","2023","377981370"
"","Level 5","2024","380544818"
"","Level 5","2025","389061743"
